doc_type,doc_id,num,date_str,description,url_metadata,lang,article_title,article_body_paragraphs,chunk_id,chunk_index,language,md5,chunk_size_bytes,chunk_text,text,title,date,url,combined_text,dataset_source,authority_weight,priority
lk_pmd_press_release,2025-09-02-eeedbd,eeedbd,2025-09-02,First Railway Station Renovation of the “Dream Destination”…,https://pmd.gov.lk/news/first-railway-station-renovation-of-the-dream-destination-programme-begins-in-talpe/,en,First Railway Station Renovation of the “Dream Destination” Programme Begins in Talpe,"['The first phase of the national programme “Dream Destination”, which aims to renovate 100 railway stations across the country, was launched today (02) at the Talpe Railway Station under the patronage of Deputy Minister of Transport and Highways Prasanna Gunasena.'
 'This initiative, implemented as a joint effort of the government, private sector and the public, seeks to rebrand Sri Lanka’s railway stations with a modern identity that aligns with international standards.'
 'The Ministry of Transport, Highways, Ports and Civil Aviation, together with the Clean Sri Lanka programme and private sector contributions, will oversee the modernization of 100 railway stations under this project.'
 'Deputy Minister Prasanna Gunasena emphasized that revitalizing the railway service is like awakening a “sleeping giant,” highlighting the government’s commitment to transforming public transport into a high-quality service.'
 'He further stated that the improvement of public transport would also boost the tourism industry and expressed confidence that, within the next two years, Sri Lanka would move toward rapid development as a nation built on hard work.'
 'The event was also attended by Deputy Minister of Fisheries, Aquatic and Ocean Resources Rathna Gamage, COPE Committee Chairman MP Dr. Nishantha Samaraweera, General Manager of Railways Department Ravindra Padmapriya, Clean Sri Lanka Director (Social) Kapila Senarath, Director (Coordination) Dasun Wijesekara, Star Garments Managing Director A. Sukumaran, Chairman of the Habaraduwa Pradeshiya Sabha Harsha Punchihewa and NIO Engineering convener Lakmina Samarasekara, along with several others.']",2025-09-02-eeedbd-0000,0,en,ff3f6feb986ce6f364c6e3834ff20dfb,1810,"First Railway Station Renovation of the “Dream Destination”…
First Railway Station Renovation of the “Dream Destination” Programme Begins in Talpe
The first phase of the national programme “Dream Destination”, which aims to renovate 100 railway stations across the country, was launched today (02) at the Talpe Railway Station under the patronage of Deputy Minister of Transport and Highways Prasanna Gunasena.
This initiative, implemented as a joint effort of the government, private sector and the public, seeks to rebrand Sri Lanka’s railway stations with a modern identity that aligns with international standards.
The Ministry of Transport, Highways, Ports and Civil Aviation, together with the Clean Sri Lanka programme and private sector contributions, will oversee the modernization of 100 railway stations under this project.
Deputy Minister Prasanna Gunasena emphasized that revitalizing the railway service is like awakening a “sleeping giant,” highlighting the government’s commitment to transforming public transport into a high-quality service.
He further stated that the improvement of public transport would also boost the tourism industry and expressed confidence that, within the next two years, Sri Lanka would move toward rapid development as a nation built on hard work.
The event was also attended by Deputy Minister of Fisheries, Aquatic and Ocean Resources Rathna Gamage, COPE Committee Chairman MP Dr. Nishantha Samaraweera, General Manager of Railways Department Ravindra Padmapriya, Clean Sri Lanka Director (Social) Kapila Senarath, Director (Coordination) Dasun Wijesekara, Star Garments Managing Director A. Sukumaran, Chairman of the Habaraduwa Pradeshiya Sabha Harsha Punchihewa and NIO Engineering convener Lakmina Samarasekara, along with several others.","First Railway Station Renovation of the “Dream Destination”…
First Railway Station Renovation of the “Dream Destination” Programme Begins in Talpe
The first phase of the national programme “Dream Destination”, which aims to renovate 100 railway stations across the country, was launched today (02) at the Talpe Railway Station under the patronage of Deputy Minister of Transport and Highways Prasanna Gunasena.
This initiative, implemented as a joint effort of the government, private sector and the public, seeks to rebrand Sri Lanka’s railway stations with a modern identity that aligns with international standards.
The Ministry of Transport, Highways, Ports and Civil Aviation, together with the Clean Sri Lanka programme and private sector contributions, will oversee the modernization of 100 railway stations under this project.
Deputy Minister Prasanna Gunasena emphasized that revitalizing the railway service is like awakening a “sleeping giant,” highlighting the government’s commitment to transforming public transport into a high-quality service.
He further stated that the improvement of public transport would also boost the tourism industry and expressed confidence that, within the next two years, Sri Lanka would move toward rapid development as a nation built on hard work.
The event was also attended by Deputy Minister of Fisheries, Aquatic and Ocean Resources Rathna Gamage, COPE Committee Chairman MP Dr. Nishantha Samaraweera, General Manager of Railways Department Ravindra Padmapriya, Clean Sri Lanka Director (Social) Kapila Senarath, Director (Coordination) Dasun Wijesekara, Star Garments Managing Director A. Sukumaran, Chairman of the Habaraduwa Pradeshiya Sabha Harsha Punchihewa and NIO Engineering convener Lakmina Samarasekara, along with several others.","First Railway Station Renovation of the “Dream Destination”…
First Railway Station Renovation of the",2025-09-02,2025-09-02-eeedbd,"First Railway Station Renovation of the “Dream Destination”…
First Railway Station Renovation of the “Dream Destination” Programme Begins in Talpe
The first phase of the national programme “Dream Destination”, which aims to renovate 100 railway stations across the country, was launched today (02) at the Talpe Railway Station under the patronage of Deputy Minister of Transport and Highways Prasanna Gunasena.
This initiative, implemented as a joint effort of the government, private sector and the public, seeks to rebrand Sri Lanka’s railway stations with a modern identity that aligns with international standards.
The Ministry of Transport, Highways, Ports and Civil Aviation, together with the Clean Sri Lanka programme and private sector contributions, will oversee the modernization of 100 railway stations under this project.
Deputy Minister Prasanna Gunasena emphasized that revitalizing the railway service is like awakening a “sleeping giant,” highlighting the government’s commitment to transforming public transport into a high-quality service.
He further stated that the improvement of public transport would also boost the tourism industry and expressed confidence that, within the next two years, Sri Lanka would move toward rapid development as a nation built on hard work.
The event was also attended by Deputy Minister of Fisheries, Aquatic and Ocean Resources Rathna Gamage, COPE Committee Chairman MP Dr. Nishantha Samaraweera, General Manager of Railways Department Ravindra Padmapriya, Clean Sri Lanka Director (Social) Kapila Senarath, Director (Coordination) Dasun Wijesekara, Star Garments Managing Director A. Sukumaran, Chairman of the Habaraduwa Pradeshiya Sabha Harsha Punchihewa and NIO Engineering convener Lakmina Samarasekara, along with several others.",pmd_press_release,1.0,1
lk_pmd_press_release,2025-09-02-539c86,539c86,2025-09-02,First Coconut Seed Production Unit in the North…,https://pmd.gov.lk/news/first-coconut-seed-production-unit-in-the-north-launched-under-presidents-patronage/,en,First Coconut Seed Production Unit in the North Launched under President’s Patronage,"['The first coconut seed production unit in the Northern Province was inaugurated this morning (02) in Pallai under the patronage of President Anura Kumara Dissanayake, as part of the Northern Coconut Triangle Project.'
 'The initiative is being implemented as a collaborative programme between the Coconut Research Institute of Sri Lanka and the Chilaw Plantations Company.'
 'The Government has planned to promote Jaffna, Mullaitivu and Mannar as the Northern Coconut Triangle. Under this programme, 16,000 acres of coconut cultivation are expected to be established in the Northern Province by 2025, with expansion to 40,000 acres projected within the three years from 2025 to 2027.'
 'Marking the commencement of operations at the production unit, the President planted a seed coconut sapling.'
 'Minister of Plantation and Community Infrastructure, Samantha Vidyaratne, Minister of Fisheries, Aquatic and Ocean Resources Ramalingam Chandrasekar, Member of Parliament K. Ilankumaran, Northern Province Governor Nagalingam Vethanayahan, along with officials of the Coconut Research Institute and Chilaw Plantations Company, were present at the occasion.'
 'Meanwhile, the President also visited a coconut-related exhibition organised by the Coconut Development Authority in the area opposite the Pudukuduirippu Central College.']",2025-09-02-539c86-0000,0,en,d38f5f55adee8087c4831c09f4497d66,1451,"First Coconut Seed Production Unit in the North…
First Coconut Seed Production Unit in the North Launched under President’s Patronage
The first coconut seed production unit in the Northern Province was inaugurated this morning (02) in Pallai under the patronage of President Anura Kumara Dissanayake, as part of the Northern Coconut Triangle Project.
The initiative is being implemented as a collaborative programme between the Coconut Research Institute of Sri Lanka and the Chilaw Plantations Company.
The Government has planned to promote Jaffna, Mullaitivu and Mannar as the Northern Coconut Triangle. Under this programme, 16,000 acres of coconut cultivation are expected to be established in the Northern Province by 2025, with expansion to 40,000 acres projected within the three years from 2025 to 2027.
Marking the commencement of operations at the production unit, the President planted a seed coconut sapling.
Minister of Plantation and Community Infrastructure, Samantha Vidyaratne, Minister of Fisheries, Aquatic and Ocean Resources Ramalingam Chandrasekar, Member of Parliament K. Ilankumaran, Northern Province Governor Nagalingam Vethanayahan, along with officials of the Coconut Research Institute and Chilaw Plantations Company, were present at the occasion.
Meanwhile, the President also visited a coconut-related exhibition organised by the Coconut Development Authority in the area opposite the Pudukuduirippu Central College.","First Coconut Seed Production Unit in the North…
First Coconut Seed Production Unit in the North Launched under President’s Patronage
The first coconut seed production unit in the Northern Province was inaugurated this morning (02) in Pallai under the patronage of President Anura Kumara Dissanayake, as part of the Northern Coconut Triangle Project.
The initiative is being implemented as a collaborative programme between the Coconut Research Institute of Sri Lanka and the Chilaw Plantations Company.
The Government has planned to promote Jaffna, Mullaitivu and Mannar as the Northern Coconut Triangle. Under this programme, 16,000 acres of coconut cultivation are expected to be established in the Northern Province by 2025, with expansion to 40,000 acres projected within the three years from 2025 to 2027.
Marking the commencement of operations at the production unit, the President planted a seed coconut sapling.
Minister of Plantation and Community Infrastructure, Samantha Vidyaratne, Minister of Fisheries, Aquatic and Ocean Resources Ramalingam Chandrasekar, Member of Parliament K. Ilankumaran, Northern Province Governor Nagalingam Vethanayahan, along with officials of the Coconut Research Institute and Chilaw Plantations Company, were present at the occasion.
Meanwhile, the President also visited a coconut-related exhibition organised by the Coconut Development Authority in the area opposite the Pudukuduirippu Central College.","First Coconut Seed Production Unit in the North…
First Coconut Seed Production Unit in the North Lau",2025-09-02,2025-09-02-539c86,"First Coconut Seed Production Unit in the North…
First Coconut Seed Production Unit in the North Launched under President’s Patronage
The first coconut seed production unit in the Northern Province was inaugurated this morning (02) in Pallai under the patronage of President Anura Kumara Dissanayake, as part of the Northern Coconut Triangle Project.
The initiative is being implemented as a collaborative programme between the Coconut Research Institute of Sri Lanka and the Chilaw Plantations Company.
The Government has planned to promote Jaffna, Mullaitivu and Mannar as the Northern Coconut Triangle. Under this programme, 16,000 acres of coconut cultivation are expected to be established in the Northern Province by 2025, with expansion to 40,000 acres projected within the three years from 2025 to 2027.
Marking the commencement of operations at the production unit, the President planted a seed coconut sapling.
Minister of Plantation and Community Infrastructure, Samantha Vidyaratne, Minister of Fisheries, Aquatic and Ocean Resources Ramalingam Chandrasekar, Member of Parliament K. Ilankumaran, Northern Province Governor Nagalingam Vethanayahan, along with officials of the Coconut Research Institute and Chilaw Plantations Company, were present at the occasion.
Meanwhile, the President also visited a coconut-related exhibition organised by the Coconut Development Authority in the area opposite the Pudukuduirippu Central College.",pmd_press_release,1.0,1
lk_pmd_press_release,2025-09-02-01253f,01253f,2025-09-02,President Launches Series of Development Projects in the…,https://pmd.gov.lk/news/president-launches-series-of-development-projects-in-the-north-for-the-second-consecutive-day/,en,President Launches Series of Development Projects in the North for the Second Consecutive Day,"['President Anura Kumara Dissanayake is scheduled to inaugurate and participate in several development programmes in the Northern Province today (02), marking the second consecutive day of such initiatives.'
 'Coinciding with World Coconut Day, the President will preside over the launch of the “Ratama Saru Karai Nirathuru – Kapthuru Saviya” Northern Coconut Triangle project this morning in Puthukudiyiruppu.'
 'The programme, which begins with the objective of cultivating 16,000 acres of coconut in the Northern Province by 2025, is expected to expand to 50,000 acres by 2027.'
 'Alongside this initiative, the first model coconut garden in the North will be launched in Palai under the patronage of the President. The President will also inaugurate a coconut-based products exhibition organized by the Coconut Development Authority, held near Puthukkudiyiruppu Central College.'
 'Meanwhile, President Dissanayake will also preside over the commencement of construction of the Vadduvakal Bridge in Mullaitivu District today (02).'
 'Located along the Paranthan – Karachchi – Mullaitivu Road near the Nandikadal Lagoon, the bridge carries over 3,000 vehicles daily. Owing to the lack of maintenance for many years, it has become severely unsafe.'
 'Accordingly, under the Road Development Authority, the bridge will be reconstructed as a new two-lane bridge at a cost of Rs. 1.4 billion in public funds.']",2025-09-02-01253f-0000,0,en,4ad07d46c6b36f7b3ac5cc32fb0da5be,1551,"President Launches Series of Development Projects in the…
President Launches Series of Development Projects in the North for the Second Consecutive Day
President Anura Kumara Dissanayake is scheduled to inaugurate and participate in several development programmes in the Northern Province today (02), marking the second consecutive day of such initiatives.
Coinciding with World Coconut Day, the President will preside over the launch of the “Ratama Saru Karai Nirathuru – Kapthuru Saviya” Northern Coconut Triangle project this morning in Puthukudiyiruppu.
The programme, which begins with the objective of cultivating 16,000 acres of coconut in the Northern Province by 2025, is expected to expand to 50,000 acres by 2027.
Alongside this initiative, the first model coconut garden in the North will be launched in Palai under the patronage of the President. The President will also inaugurate a coconut-based products exhibition organized by the Coconut Development Authority, held near Puthukkudiyiruppu Central College.
Meanwhile, President Dissanayake will also preside over the commencement of construction of the Vadduvakal Bridge in Mullaitivu District today (02).
Located along the Paranthan – Karachchi – Mullaitivu Road near the Nandikadal Lagoon, the bridge carries over 3,000 vehicles daily. Owing to the lack of maintenance for many years, it has become severely unsafe.
Accordingly, under the Road Development Authority, the bridge will be reconstructed as a new two-lane bridge at a cost of Rs. 1.4 billion in public funds.","President Launches Series of Development Projects in the…
President Launches Series of Development Projects in the North for the Second Consecutive Day
President Anura Kumara Dissanayake is scheduled to inaugurate and participate in several development programmes in the Northern Province today (02), marking the second consecutive day of such initiatives.
Coinciding with World Coconut Day, the President will preside over the launch of the “Ratama Saru Karai Nirathuru – Kapthuru Saviya” Northern Coconut Triangle project this morning in Puthukudiyiruppu.
The programme, which begins with the objective of cultivating 16,000 acres of coconut in the Northern Province by 2025, is expected to expand to 50,000 acres by 2027.
Alongside this initiative, the first model coconut garden in the North will be launched in Palai under the patronage of the President. The President will also inaugurate a coconut-based products exhibition organized by the Coconut Development Authority, held near Puthukkudiyiruppu Central College.
Meanwhile, President Dissanayake will also preside over the commencement of construction of the Vadduvakal Bridge in Mullaitivu District today (02).
Located along the Paranthan – Karachchi – Mullaitivu Road near the Nandikadal Lagoon, the bridge carries over 3,000 vehicles daily. Owing to the lack of maintenance for many years, it has become severely unsafe.
Accordingly, under the Road Development Authority, the bridge will be reconstructed as a new two-lane bridge at a cost of Rs. 1.4 billion in public funds.","President Launches Series of Development Projects in the…
President Launches Series of Development P",2025-09-02,2025-09-02-01253f,"President Launches Series of Development Projects in the…
President Launches Series of Development Projects in the North for the Second Consecutive Day
President Anura Kumara Dissanayake is scheduled to inaugurate and participate in several development programmes in the Northern Province today (02), marking the second consecutive day of such initiatives.
Coinciding with World Coconut Day, the President will preside over the launch of the “Ratama Saru Karai Nirathuru – Kapthuru Saviya” Northern Coconut Triangle project this morning in Puthukudiyiruppu.
The programme, which begins with the objective of cultivating 16,000 acres of coconut in the Northern Province by 2025, is expected to expand to 50,000 acres by 2027.
Alongside this initiative, the first model coconut garden in the North will be launched in Palai under the patronage of the President. The President will also inaugurate a coconut-based products exhibition organized by the Coconut Development Authority, held near Puthukkudiyiruppu Central College.
Meanwhile, President Dissanayake will also preside over the commencement of construction of the Vadduvakal Bridge in Mullaitivu District today (02).
Located along the Paranthan – Karachchi – Mullaitivu Road near the Nandikadal Lagoon, the bridge carries over 3,000 vehicles daily. Owing to the lack of maintenance for many years, it has become severely unsafe.
Accordingly, under the Road Development Authority, the bridge will be reconstructed as a new two-lane bridge at a cost of Rs. 1.4 billion in public funds.",pmd_press_release,1.0,1
lk_pmd_press_release,2025-09-01-612c72,612c72,2025-09-01,President Undertakes Inspection Visit to Katchatheevu Island,https://pmd.gov.lk/news/president-undertakes-inspection-visit-to-katchatheevu-island/,en,President Undertakes Inspection Visit to Katchatheevu Island,"['Following his participation today (01) in a series of inauguration and development programmes in Jaffna, President Anura Kumara Dissanayake undertook an inspection visit to Katchatheevu Island.'
 'Minister of Fisheries, Aquatic and Ocean Resources, Ramalingam Chandrasekar, Minister of Public Security and Parliamentary Affairs Ananda Wijepala and Rear Admiral Buddhika Liyanagamage, Commander Northern Naval Area also joined the President on this visit.']",2025-09-01-612c72-0000,0,en,c5e9c4f3796059fbf47b8d465a973345,573,"President Undertakes Inspection Visit to Katchatheevu Island
President Undertakes Inspection Visit to Katchatheevu Island
Following his participation today (01) in a series of inauguration and development programmes in Jaffna, President Anura Kumara Dissanayake undertook an inspection visit to Katchatheevu Island.
Minister of Fisheries, Aquatic and Ocean Resources, Ramalingam Chandrasekar, Minister of Public Security and Parliamentary Affairs Ananda Wijepala and Rear Admiral Buddhika Liyanagamage, Commander Northern Naval Area also joined the President on this visit.","President Undertakes Inspection Visit to Katchatheevu Island
President Undertakes Inspection Visit to Katchatheevu Island
Following his participation today (01) in a series of inauguration and development programmes in Jaffna, President Anura Kumara Dissanayake undertook an inspection visit to Katchatheevu Island.
Minister of Fisheries, Aquatic and Ocean Resources, Ramalingam Chandrasekar, Minister of Public Security and Parliamentary Affairs Ananda Wijepala and Rear Admiral Buddhika Liyanagamage, Commander Northern Naval Area also joined the President on this visit.","President Undertakes Inspection Visit to Katchatheevu Island
President Undertakes Inspection Visit t",2025-09-01,2025-09-01-612c72,"President Undertakes Inspection Visit to Katchatheevu Island
President Undertakes Inspection Visit to Katchatheevu Island
Following his participation today (01) in a series of inauguration and development programmes in Jaffna, President Anura Kumara Dissanayake undertook an inspection visit to Katchatheevu Island.
Minister of Fisheries, Aquatic and Ocean Resources, Ramalingam Chandrasekar, Minister of Public Security and Parliamentary Affairs Ananda Wijepala and Rear Admiral Buddhika Liyanagamage, Commander Northern Naval Area also joined the President on this visit.",pmd_press_release,1.0,1
lk_pmd_press_release,2025-09-01-5b3d17,5b3d17,2025-09-01,President in Jaffna Today,https://pmd.gov.lk/news/president-in-jaffna-today/,en,President in Jaffna Today,"['President Anura Kumara Dissanayake is scheduled to participate in several groundbreaking and opening ceremonies for new development projects in Jaffna today (01).'
 'The third phase of the Myliddy Fishery Harbour development Project will be launched this morning under the President’s patronage.'
 'The project will provide basic and essential facilities such as water, electricity, fuel, cold storage facilities, net-mending centres, auction halls and radio communication centres, not only for the Northern fishing community but also for fishing boats arriving from the Eastern and Southern provinces.'
 'Following the inauguration, the President will also address a public gathering at the venue.\nMeanwhile, the Jaffna Regional Office of the Department of Immigration and Emigration will also be opened today by President Dissanayake.'
 'This office, established within the Jaffna District Secretariat premises, is equipped with modern technology and all necessary facilities. With the number of passport applications from the Northern Province steadily increasing, this regional office has been opened at a more convenient location to meet that growing need.'
 'The President will also launch the E-Library programme at the Jaffna Public Library today, enabling people worldwide to access and use books from the library online.'
 'In addition, the construction of the proposed Jaffna International Cricket Stadium will commence this afternoon under the patronage of the President. A public gathering is also scheduled to be held at the site.']",2025-09-01-5b3d17-0000,0,en,73638496c6ca8cfba2ca1d01b6792f95,1580,"President in Jaffna Today
President in Jaffna Today
President Anura Kumara Dissanayake is scheduled to participate in several groundbreaking and opening ceremonies for new development projects in Jaffna today (01).
The third phase of the Myliddy Fishery Harbour development Project will be launched this morning under the President’s patronage.
The project will provide basic and essential facilities such as water, electricity, fuel, cold storage facilities, net-mending centres, auction halls and radio communication centres, not only for the Northern fishing community but also for fishing boats arriving from the Eastern and Southern provinces.
Following the inauguration, the President will also address a public gathering at the venue.
Meanwhile, the Jaffna Regional Office of the Department of Immigration and Emigration will also be opened today by President Dissanayake.
This office, established within the Jaffna District Secretariat premises, is equipped with modern technology and all necessary facilities. With the number of passport applications from the Northern Province steadily increasing, this regional office has been opened at a more convenient location to meet that growing need.
The President will also launch the E-Library programme at the Jaffna Public Library today, enabling people worldwide to access and use books from the library online.
In addition, the construction of the proposed Jaffna International Cricket Stadium will commence this afternoon under the patronage of the President. A public gathering is also scheduled to be held at the site.","President in Jaffna Today
President in Jaffna Today
President Anura Kumara Dissanayake is scheduled to participate in several groundbreaking and opening ceremonies for new development projects in Jaffna today (01).
The third phase of the Myliddy Fishery Harbour development Project will be launched this morning under the President’s patronage.
The project will provide basic and essential facilities such as water, electricity, fuel, cold storage facilities, net-mending centres, auction halls and radio communication centres, not only for the Northern fishing community but also for fishing boats arriving from the Eastern and Southern provinces.
Following the inauguration, the President will also address a public gathering at the venue.
Meanwhile, the Jaffna Regional Office of the Department of Immigration and Emigration will also be opened today by President Dissanayake.
This office, established within the Jaffna District Secretariat premises, is equipped with modern technology and all necessary facilities. With the number of passport applications from the Northern Province steadily increasing, this regional office has been opened at a more convenient location to meet that growing need.
The President will also launch the E-Library programme at the Jaffna Public Library today, enabling people worldwide to access and use books from the library online.
In addition, the construction of the proposed Jaffna International Cricket Stadium will commence this afternoon under the patronage of the President. A public gathering is also scheduled to be held at the site.","President in Jaffna Today
President in Jaffna Today
President Anura Kumara Dissanayake is scheduled ",2025-09-01,2025-09-01-5b3d17,"President in Jaffna Today
President in Jaffna Today
President Anura Kumara Dissanayake is scheduled to participate in several groundbreaking and opening ceremonies for new development projects in Jaffna today (01).
The third phase of the Myliddy Fishery Harbour development Project will be launched this morning under the President’s patronage.
The project will provide basic and essential facilities such as water, electricity, fuel, cold storage facilities, net-mending centres, auction halls and radio communication centres, not only for the Northern fishing community but also for fishing boats arriving from the Eastern and Southern provinces.
Following the inauguration, the President will also address a public gathering at the venue.
Meanwhile, the Jaffna Regional Office of the Department of Immigration and Emigration will also be opened today by President Dissanayake.
This office, established within the Jaffna District Secretariat premises, is equipped with modern technology and all necessary facilities. With the number of passport applications from the Northern Province steadily increasing, this regional office has been opened at a more convenient location to meet that growing need.
The President will also launch the E-Library programme at the Jaffna Public Library today, enabling people worldwide to access and use books from the library online.
In addition, the construction of the proposed Jaffna International Cricket Stadium will commence this afternoon under the patronage of the President. A public gathering is also scheduled to be held at the site.",pmd_press_release,1.0,1
lk_pmd_press_release,2025-09-01-2680d5,2680d5,2025-09-01,E-Library Programme at Jaffna Library Launched Under the…,https://pmd.gov.lk/news/e-library-programme-at-jaffna-library-launched-under-the-patronage-of-the-president/,en,E-Library Programme at Jaffna Library Launched Under the Patronage of the President,"['The programme to develop the Jaffna Library into an e-library was inaugurated this morning (01) under the patronage of President Anura Kumara Dissanayake.\nAccordingly, the website jaffna.dlp.gov.lk was introduced for the Jaffna Public Library, enabling readers to access its collection online through this project.'
 'The Jaffna Public Library, a symbol of pride for the people of Jaffna, is one of the largest libraries in Asia, housing an extensive collection of books. It is used daily by school and university students as well as researchers from both Sri Lanka and abroad.'
 'At the event, an integrated library management system, a smart card access facility and a special unit equipped with assistive technology for persons with special needs were also introduced for the Jaffna Public Library.\nA sum of Rs. 100 million has been allocated for this project from the 2025 budget.'
 'Following the official launch of the e-library programme, the President toured the reading hall and lending section of the library, engaging in cordial discussions with the staff.'
 'Minister of Public Security and Parliamentary Affairs Ananda Wijepala, Minister of Fisheries, Aquatic and Ocean Resources Ramalingam Chandrasekar, several Members of Parliament, the Jaffna Municipal Commissioner, the Chief Librarian of the Jaffna Public Library and library staff were also present on this occasion.']",2025-09-01-2680d5-0000,0,en,9d5913d634073feda5e307560f5e6e1e,1518,"E-Library Programme at Jaffna Library Launched Under the…
E-Library Programme at Jaffna Library Launched Under the Patronage of the President
The programme to develop the Jaffna Library into an e-library was inaugurated this morning (01) under the patronage of President Anura Kumara Dissanayake.
Accordingly, the website jaffna.dlp.gov.lk was introduced for the Jaffna Public Library, enabling readers to access its collection online through this project.
The Jaffna Public Library, a symbol of pride for the people of Jaffna, is one of the largest libraries in Asia, housing an extensive collection of books. It is used daily by school and university students as well as researchers from both Sri Lanka and abroad.
At the event, an integrated library management system, a smart card access facility and a special unit equipped with assistive technology for persons with special needs were also introduced for the Jaffna Public Library.
A sum of Rs. 100 million has been allocated for this project from the 2025 budget.
Following the official launch of the e-library programme, the President toured the reading hall and lending section of the library, engaging in cordial discussions with the staff.
Minister of Public Security and Parliamentary Affairs Ananda Wijepala, Minister of Fisheries, Aquatic and Ocean Resources Ramalingam Chandrasekar, several Members of Parliament, the Jaffna Municipal Commissioner, the Chief Librarian of the Jaffna Public Library and library staff were also present on this occasion.","E-Library Programme at Jaffna Library Launched Under the…
E-Library Programme at Jaffna Library Launched Under the Patronage of the President
The programme to develop the Jaffna Library into an e-library was inaugurated this morning (01) under the patronage of President Anura Kumara Dissanayake.
Accordingly, the website jaffna.dlp.gov.lk was introduced for the Jaffna Public Library, enabling readers to access its collection online through this project.
The Jaffna Public Library, a symbol of pride for the people of Jaffna, is one of the largest libraries in Asia, housing an extensive collection of books. It is used daily by school and university students as well as researchers from both Sri Lanka and abroad.
At the event, an integrated library management system, a smart card access facility and a special unit equipped with assistive technology for persons with special needs were also introduced for the Jaffna Public Library.
A sum of Rs. 100 million has been allocated for this project from the 2025 budget.
Following the official launch of the e-library programme, the President toured the reading hall and lending section of the library, engaging in cordial discussions with the staff.
Minister of Public Security and Parliamentary Affairs Ananda Wijepala, Minister of Fisheries, Aquatic and Ocean Resources Ramalingam Chandrasekar, several Members of Parliament, the Jaffna Municipal Commissioner, the Chief Librarian of the Jaffna Public Library and library staff were also present on this occasion.","E-Library Programme at Jaffna Library Launched Under the…
E-Library Programme at Jaffna Library Laun",2025-09-01,2025-09-01-2680d5,"E-Library Programme at Jaffna Library Launched Under the…
E-Library Programme at Jaffna Library Launched Under the Patronage of the President
The programme to develop the Jaffna Library into an e-library was inaugurated this morning (01) under the patronage of President Anura Kumara Dissanayake.
Accordingly, the website jaffna.dlp.gov.lk was introduced for the Jaffna Public Library, enabling readers to access its collection online through this project.
The Jaffna Public Library, a symbol of pride for the people of Jaffna, is one of the largest libraries in Asia, housing an extensive collection of books. It is used daily by school and university students as well as researchers from both Sri Lanka and abroad.
At the event, an integrated library management system, a smart card access facility and a special unit equipped with assistive technology for persons with special needs were also introduced for the Jaffna Public Library.
A sum of Rs. 100 million has been allocated for this project from the 2025 budget.
Following the official launch of the e-library programme, the President toured the reading hall and lending section of the library, engaging in cordial discussions with the staff.
Minister of Public Security and Parliamentary Affairs Ananda Wijepala, Minister of Fisheries, Aquatic and Ocean Resources Ramalingam Chandrasekar, several Members of Parliament, the Jaffna Municipal Commissioner, the Chief Librarian of the Jaffna Public Library and library staff were also present on this occasion.",pmd_press_release,1.0,1
lk_pmd_press_release,2025-09-01-1a3b5a,1a3b5a,2025-09-01,‘Seiri Week’ from September 01–04 to Revitalize State…,https://pmd.gov.lk/news/seiri-week-from-september-01-04-to-revitalize-state-institutions/,en,‘Seiri Week’ from September 01–04 to Revitalize State Institutions,"['The government has decided to launch a special programme called ‘Seiri Week’under the national initiative Clean Sri Lanka. It will run from September 1 to 4, targeting all state institutions, with the aim of improving efficiency and productivity in the public service.'
 'The main goal of this programme is to create a peaceful, safe and well-organized working environment for public officials. The concept of Seiri, part of the five principles of productivity, refers to identifying what is necessary and eliminating what is unnecessary.'
 'Accordingly, a key focus will be on removing unused items from state institutions and making the best use of limited space.'
 'According to a circular issued by the Secretary to the Ministry of Public Administration, Provincial Councils and Local Government, all Ministries, Departments and state organizations must allocate two hours each morning during this week for cleaning and organizing. Attention will also be given to maintaining clean and attractive buildings and surroundings, improving access roads and ensuring facilities for persons with disabilities.'
 'Guidelines have also been given to properly dispose of unusable inventory items, old motor vehicles and out-dated files.'
 'Crucially, Seiri Week is intended to be an on-going initiative rather than a singular occurrence. All the Heads of the institutions have been directed to implement a lasting framework to maintain the organized environment fostered during this programme, with designated officials tasked with ensuring its persistence.']",2025-09-01-1a3b5a-0000,0,en,eaee55ebd81c0a7e0b988a72fd96534c,1676,"‘Seiri Week’ from September 01–04 to Revitalize State…
‘Seiri Week’ from September 01–04 to Revitalize State Institutions
The government has decided to launch a special programme called ‘Seiri Week’under the national initiative Clean Sri Lanka. It will run from September 1 to 4, targeting all state institutions, with the aim of improving efficiency and productivity in the public service.
The main goal of this programme is to create a peaceful, safe and well-organized working environment for public officials. The concept of Seiri, part of the five principles of productivity, refers to identifying what is necessary and eliminating what is unnecessary.
Accordingly, a key focus will be on removing unused items from state institutions and making the best use of limited space.
According to a circular issued by the Secretary to the Ministry of Public Administration, Provincial Councils and Local Government, all Ministries, Departments and state organizations must allocate two hours each morning during this week for cleaning and organizing. Attention will also be given to maintaining clean and attractive buildings and surroundings, improving access roads and ensuring facilities for persons with disabilities.
Guidelines have also been given to properly dispose of unusable inventory items, old motor vehicles and out-dated files.
Crucially, Seiri Week is intended to be an on-going initiative rather than a singular occurrence. All the Heads of the institutions have been directed to implement a lasting framework to maintain the organized environment fostered during this programme, with designated officials tasked with ensuring its persistence.","‘Seiri Week’ from September 01–04 to Revitalize State…
‘Seiri Week’ from September 01–04 to Revitalize State Institutions
The government has decided to launch a special programme called ‘Seiri Week’under the national initiative Clean Sri Lanka. It will run from September 1 to 4, targeting all state institutions, with the aim of improving efficiency and productivity in the public service.
The main goal of this programme is to create a peaceful, safe and well-organized working environment for public officials. The concept of Seiri, part of the five principles of productivity, refers to identifying what is necessary and eliminating what is unnecessary.
Accordingly, a key focus will be on removing unused items from state institutions and making the best use of limited space.
According to a circular issued by the Secretary to the Ministry of Public Administration, Provincial Councils and Local Government, all Ministries, Departments and state organizations must allocate two hours each morning during this week for cleaning and organizing. Attention will also be given to maintaining clean and attractive buildings and surroundings, improving access roads and ensuring facilities for persons with disabilities.
Guidelines have also been given to properly dispose of unusable inventory items, old motor vehicles and out-dated files.
Crucially, Seiri Week is intended to be an on-going initiative rather than a singular occurrence. All the Heads of the institutions have been directed to implement a lasting framework to maintain the organized environment fostered during this programme, with designated officials tasked with ensuring its persistence.","‘Seiri Week’ from September 01–04 to Revitalize State…
‘Seiri Week’ from September 01–04 to Revitali",2025-09-01,2025-09-01-1a3b5a,"‘Seiri Week’ from September 01–04 to Revitalize State…
‘Seiri Week’ from September 01–04 to Revitalize State Institutions
The government has decided to launch a special programme called ‘Seiri Week’under the national initiative Clean Sri Lanka. It will run from September 1 to 4, targeting all state institutions, with the aim of improving efficiency and productivity in the public service.
The main goal of this programme is to create a peaceful, safe and well-organized working environment for public officials. The concept of Seiri, part of the five principles of productivity, refers to identifying what is necessary and eliminating what is unnecessary.
Accordingly, a key focus will be on removing unused items from state institutions and making the best use of limited space.
According to a circular issued by the Secretary to the Ministry of Public Administration, Provincial Councils and Local Government, all Ministries, Departments and state organizations must allocate two hours each morning during this week for cleaning and organizing. Attention will also be given to maintaining clean and attractive buildings and surroundings, improving access roads and ensuring facilities for persons with disabilities.
Guidelines have also been given to properly dispose of unusable inventory items, old motor vehicles and out-dated files.
Crucially, Seiri Week is intended to be an on-going initiative rather than a singular occurrence. All the Heads of the institutions have been directed to implement a lasting framework to maintain the organized environment fostered during this programme, with designated officials tasked with ensuring its persistence.",pmd_press_release,1.0,1
lk_pmd_press_release,2025-08-30-2c60ef,2c60ef,2025-08-30,Secretary to the President Meets Chair of Transparency…,https://pmd.gov.lk/news/secretary-to-the-president-meets-chair-of-transparency-international/,en,Secretary to the President Meets Chair of Transparency International,"['Secretary to the President, Dr. Nandika Sanath Kumanayake, met yesterday (29) with Mr. François Valérian, Chair of Transparency International, who is currently on a brief visit to Sri Lanka.'
 'During the discussion, Dr. Kumanayake highlighted the Government’s ongoing efforts to combat corruption in both the public and private sectors. He noted that several new initiatives had been launched, with significant progress already recorded in strengthening anti-corruption mechanisms.'
 'He further emphasised that plans were underway to raise public awareness on bribery and corruption, with the broader aim of eliminating corrupt practices, ensuring effective utilisation of public funds and fostering a culture of integrity in the country.'
 'Mr. Valérian commended the Government’s initiatives, particularly the establishment of Internal Affairs Units within public institutions to prevent corruption, as well as measures introduced under the Clean Sri Lanka Programme. He underlined the importance of sustained collaboration between government and civil society in advancing anti-corruption goals and reaffirmed Transparency International’s commitment to supporting Sri Lanka through continued partnership.']",2025-08-30-2c60ef-0000,0,en,94821c4e8740264ab6400ed3c2daec4a,1336,"Secretary to the President Meets Chair of Transparency…
Secretary to the President Meets Chair of Transparency International
Secretary to the President, Dr. Nandika Sanath Kumanayake, met yesterday (29) with Mr. François Valérian, Chair of Transparency International, who is currently on a brief visit to Sri Lanka.
During the discussion, Dr. Kumanayake highlighted the Government’s ongoing efforts to combat corruption in both the public and private sectors. He noted that several new initiatives had been launched, with significant progress already recorded in strengthening anti-corruption mechanisms.
He further emphasised that plans were underway to raise public awareness on bribery and corruption, with the broader aim of eliminating corrupt practices, ensuring effective utilisation of public funds and fostering a culture of integrity in the country.
Mr. Valérian commended the Government’s initiatives, particularly the establishment of Internal Affairs Units within public institutions to prevent corruption, as well as measures introduced under the Clean Sri Lanka Programme. He underlined the importance of sustained collaboration between government and civil society in advancing anti-corruption goals and reaffirmed Transparency International’s commitment to supporting Sri Lanka through continued partnership.","Secretary to the President Meets Chair of Transparency…
Secretary to the President Meets Chair of Transparency International
Secretary to the President, Dr. Nandika Sanath Kumanayake, met yesterday (29) with Mr. François Valérian, Chair of Transparency International, who is currently on a brief visit to Sri Lanka.
During the discussion, Dr. Kumanayake highlighted the Government’s ongoing efforts to combat corruption in both the public and private sectors. He noted that several new initiatives had been launched, with significant progress already recorded in strengthening anti-corruption mechanisms.
He further emphasised that plans were underway to raise public awareness on bribery and corruption, with the broader aim of eliminating corrupt practices, ensuring effective utilisation of public funds and fostering a culture of integrity in the country.
Mr. Valérian commended the Government’s initiatives, particularly the establishment of Internal Affairs Units within public institutions to prevent corruption, as well as measures introduced under the Clean Sri Lanka Programme. He underlined the importance of sustained collaboration between government and civil society in advancing anti-corruption goals and reaffirmed Transparency International’s commitment to supporting Sri Lanka through continued partnership.","Secretary to the President Meets Chair of Transparency…
Secretary to the President Meets Chair of Tr",2025-08-30,2025-08-30-2c60ef,"Secretary to the President Meets Chair of Transparency…
Secretary to the President Meets Chair of Transparency International
Secretary to the President, Dr. Nandika Sanath Kumanayake, met yesterday (29) with Mr. François Valérian, Chair of Transparency International, who is currently on a brief visit to Sri Lanka.
During the discussion, Dr. Kumanayake highlighted the Government’s ongoing efforts to combat corruption in both the public and private sectors. He noted that several new initiatives had been launched, with significant progress already recorded in strengthening anti-corruption mechanisms.
He further emphasised that plans were underway to raise public awareness on bribery and corruption, with the broader aim of eliminating corrupt practices, ensuring effective utilisation of public funds and fostering a culture of integrity in the country.
Mr. Valérian commended the Government’s initiatives, particularly the establishment of Internal Affairs Units within public institutions to prevent corruption, as well as measures introduced under the Clean Sri Lanka Programme. He underlined the importance of sustained collaboration between government and civil society in advancing anti-corruption goals and reaffirmed Transparency International’s commitment to supporting Sri Lanka through continued partnership.",pmd_press_release,1.0,1
